https://spb.hh.ru/vacancy/80833216?from=vacancy_search_list&query=python,2023-06-10 17:34:50.809821,Москва,Нет данных!,Сбер для экспертов
https://spb.hh.ru/vacancy/81720032?from=vacancy_search_list&query=python,2023-06-10 17:34:50.809821,Москва,Нет данных!,ООО HeadHunter::Analytics/Data Science
https://spb.hh.ru/vacancy/81647441?from=vacancy_search_list&query=python,2023-06-10 17:34:50.809821,Москва,Нет данных!,ООО HeadHunter::Analytics/Data Science
https://spb.hh.ru/vacancy/81676682?from=vacancy_search_list&query=python,2023-06-10 17:34:50.809821,Москва,Нет данных!,ООО HeadHunter::Backend
https://spb.hh.ru/vacancy/81402430?from=vacancy_search_list&query=python,2023-06-10 17:34:50.809821,Москва,Нет данных!,Сбер для экспертов
https://spb.hh.ru/vacancy/79478024?from=vacancy_search_list&query=python,2023-06-10 17:34:50.809821,Москва,Нет данных!,Сбер. Data Science
https://spb.hh.ru/vacancy/81639879?from=vacancy_search_list&query=python,2023-06-10 17:34:50.809821,Москва,до 70 000 руб.,MillionAgents
https://spb.hh.ru/vacancy/81764803?from=vacancy_search_list&query=python,2023-06-10 17:34:50.809821,Санкт-Петербург,от 50 000 руб.,ООО Мера Капитал
https://spb.hh.ru/vacancy/81702111?from=vacancy_search_list&query=python,2023-06-10 17:34:50.809821,Москва,80 000 – 140 000 руб.,ООО Люмипроб Рус
https://spb.hh.ru/vacancy/81718031?from=vacancy_search_list&query=python,2023-06-10 17:34:50.809821,Санкт-Петербург,Нет данных!,"СтарЛайн, Научно-производственное объединение"
https://spb.hh.ru/vacancy/81764147?from=vacancy_search_list&query=python,2023-06-10 17:34:50.809821,Москва,до 135 000 руб.,Юг Руси
https://spb.hh.ru/vacancy/81442089?from=vacancy_search_list&query=python,2023-06-10 17:34:50.809821,Москва,150 000 – 200 000 руб.,B.ART
https://spb.hh.ru/vacancy/80525643?from=vacancy_search_list&query=python,2023-06-10 17:34:50.809821,Санкт-Петербург,80 000 – 110 000 руб.,ООО Гринтех
https://spb.hh.ru/vacancy/81542736?from=vacancy_search_list&query=python,2023-06-10 17:34:50.809821,Москва,200 000 – 230 000 руб.,ИНСКОМ
https://spb.hh.ru/vacancy/81587055?from=vacancy_search_list&query=python,2023-06-10 17:34:50.809821,Санкт-Петербург,250 000 – 300 000 руб.,ООО Агент Умный полис
https://spb.hh.ru/vacancy/80233961?from=vacancy_search_list&query=python,2023-06-10 17:34:50.809821,Москва,130 000 – 150 000 руб.,ООО СПЕЙС МЕДИА ГРУПП
https://spb.hh.ru/vacancy/71147348?from=vacancy_search_list&query=python,2023-06-10 17:34:50.809821,Москва,300 000 – 500 000 руб.,ООО Дубайт
https://spb.hh.ru/vacancy/81352460?from=vacancy_search_list&query=python,2023-06-10 17:34:50.809821,Москва,от 6 000 USD,Novaco
https://spb.hh.ru/vacancy/81657212?from=vacancy_search_list&query=python,2023-06-10 17:34:50.809821,Москва,от 150 000 руб.,ООО Нейрон
https://spb.hh.ru/vacancy/80602682?from=vacancy_search_list&query=python,2023-06-10 17:34:50.809821,Москва,от 85 000 руб.,ООО Ангара Сервис
